,Layername,Year,Area [ha],Percentage_of_Switerland
0,Paerke_ParkKernzone,1961,0.0,0.0
1,NationalparkGraubuenden_nationalpark,1961,16689.978617439483,0.4042625316080776
2,IANB_amphibLaichgebietUndWanderobjekteUnion,1961,0.0,0.0
3,Auengebiete_Auengebiete,1961,0.0,0.0
4,Flachmoore_flachmoor,1961,0.0,0.0
5,Hochmoore_hochmoor,1961,0.0,0.0
6,Trockenwiesenweiden_trockenwiesenweiden,1961,0.0,0.0
7,WasserZugvoegel_wasserzugvogel,1961,0.0,0.0
8,Jagdbanngebiete_jagdbann,1961,0.0,0.0
9,BLN_landschaftnaturdenkmal,1961,0.0,0.0
10,Moorlandschaften_moorlandschaft,1961,0.0,0.0
11,Smaragd_smaragd,1961,0.0,0.0
12,Ramsar_ramsar,1961,0.0,0.0
13,Biosphaerenreservate_biosphaerenreservat,1961,0.0,0.0
14,Unesco_unescoWorldNaturalHeritage,1961,0.0,0.0
15,RegionalePaerke_ParkPerimeter,1961,0.0,0.0
16,Paerke_ParkKernzone,1962,0.0,0.0
17,NationalparkGraubuenden_nationalpark,1962,16689.978617439483,0.4042625316080776
18,IANB_amphibLaichgebietUndWanderobjekteUnion,1962,0.0,0.0
19,Auengebiete_Auengebiete,1962,0.0,0.0
20,Flachmoore_flachmoor,1962,0.0,0.0
21,Hochmoore_hochmoor,1962,0.0,0.0
22,Trockenwiesenweiden_trockenwiesenweiden,1962,0.0,0.0
23,WasserZugvoegel_wasserzugvogel,1962,0.0,0.0
24,Jagdbanngebiete_jagdbann,1962,0.0,0.0
25,BLN_landschaftnaturdenkmal,1962,0.0,0.0
26,Moorlandschaften_moorlandschaft,1962,0.0,0.0
27,Smaragd_smaragd,1962,0.0,0.0
28,Ramsar_ramsar,1962,0.0,0.0
29,Biosphaerenreservate_biosphaerenreservat,1962,0.0,0.0
30,Unesco_unescoWorldNaturalHeritage,1962,0.0,0.0
31,RegionalePaerke_ParkPerimeter,1962,0.0,0.0
32,Paerke_ParkKernzone,1963,0.0,0.0
33,NationalparkGraubuenden_nationalpark,1963,16689.978617439483,0.4042625316080776
34,IANB_amphibLaichgebietUndWanderobjekteUnion,1963,0.0,0.0
35,Auengebiete_Auengebiete,1963,0.0,0.0
36,Flachmoore_flachmoor,1963,0.0,0.0
37,Hochmoore_hochmoor,1963,0.0,0.0
38,Trockenwiesenweiden_trockenwiesenweiden,1963,0.0,0.0
39,WasserZugvoegel_wasserzugvogel,1963,0.0,0.0
40,Jagdbanngebiete_jagdbann,1963,0.0,0.0
41,BLN_landschaftnaturdenkmal,1963,0.0,0.0
42,Moorlandschaften_moorlandschaft,1963,0.0,0.0
43,Smaragd_smaragd,1963,0.0,0.0
44,Ramsar_ramsar,1963,0.0,0.0
45,Biosphaerenreservate_biosphaerenreservat,1963,0.0,0.0
46,Unesco_unescoWorldNaturalHeritage,1963,0.0,0.0
47,RegionalePaerke_ParkPerimeter,1963,0.0,0.0
48,Paerke_ParkKernzone,1964,0.0,0.0
49,NationalparkGraubuenden_nationalpark,1964,16689.978617439483,0.4042625316080776
50,IANB_amphibLaichgebietUndWanderobjekteUnion,1964,0.0,0.0
51,Auengebiete_Auengebiete,1964,0.0,0.0
52,Flachmoore_flachmoor,1964,0.0,0.0
53,Hochmoore_hochmoor,1964,0.0,0.0
54,Trockenwiesenweiden_trockenwiesenweiden,1964,0.0,0.0
55,WasserZugvoegel_wasserzugvogel,1964,0.0,0.0
56,Jagdbanngebiete_jagdbann,1964,0.0,0.0
57,BLN_landschaftnaturdenkmal,1964,0.0,0.0
58,Moorlandschaften_moorlandschaft,1964,0.0,0.0
59,Smaragd_smaragd,1964,0.0,0.0
60,Ramsar_ramsar,1964,0.0,0.0
61,Biosphaerenreservate_biosphaerenreservat,1964,0.0,0.0
62,Unesco_unescoWorldNaturalHeritage,1964,0.0,0.0
63,RegionalePaerke_ParkPerimeter,1964,0.0,0.0
64,Paerke_ParkKernzone,1965,0.0,0.0
65,NationalparkGraubuenden_nationalpark,1965,16689.978617439483,0.4042625316080776
66,IANB_amphibLaichgebietUndWanderobjekteUnion,1965,0.0,0.0
67,Auengebiete_Auengebiete,1965,0.0,0.0
68,Flachmoore_flachmoor,1965,0.0,0.0
69,Hochmoore_hochmoor,1965,0.0,0.0
70,Trockenwiesenweiden_trockenwiesenweiden,1965,0.0,0.0
71,WasserZugvoegel_wasserzugvogel,1965,0.0,0.0
72,Jagdbanngebiete_jagdbann,1965,0.0,0.0
73,BLN_landschaftnaturdenkmal,1965,0.0,0.0
74,Moorlandschaften_moorlandschaft,1965,0.0,0.0
75,Smaragd_smaragd,1965,0.0,0.0
76,Ramsar_ramsar,1965,0.0,0.0
77,Biosphaerenreservate_biosphaerenreservat,1965,0.0,0.0
78,Unesco_unescoWorldNaturalHeritage,1965,0.0,0.0
79,RegionalePaerke_ParkPerimeter,1965,0.0,0.0
80,Paerke_ParkKernzone,1966,0.0,0.0
81,NationalparkGraubuenden_nationalpark,1966,16689.978617439483,0.4042625316080776
82,IANB_amphibLaichgebietUndWanderobjekteUnion,1966,0.0,0.0
83,Auengebiete_Auengebiete,1966,0.0,0.0
84,Flachmoore_flachmoor,1966,0.0,0.0
85,Hochmoore_hochmoor,1966,0.0,0.0
86,Trockenwiesenweiden_trockenwiesenweiden,1966,0.0,0.0
87,WasserZugvoegel_wasserzugvogel,1966,0.0,0.0
88,Jagdbanngebiete_jagdbann,1966,0.0,0.0
89,BLN_landschaftnaturdenkmal,1966,0.0,0.0
90,Moorlandschaften_moorlandschaft,1966,0.0,0.0
91,Smaragd_smaragd,1966,0.0,0.0
92,Ramsar_ramsar,1966,0.0,0.0
93,Biosphaerenreservate_biosphaerenreservat,1966,0.0,0.0
94,Unesco_unescoWorldNaturalHeritage,1966,0.0,0.0
95,RegionalePaerke_ParkPerimeter,1966,0.0,0.0
96,Paerke_ParkKernzone,1967,0.0,0.0
97,NationalparkGraubuenden_nationalpark,1967,16689.978617439483,0.4042625316080776
98,IANB_amphibLaichgebietUndWanderobjekteUnion,1967,0.0,0.0
99,Auengebiete_Auengebiete,1967,0.0,0.0
100,Flachmoore_flachmoor,1967,0.0,0.0
101,Hochmoore_hochmoor,1967,0.0,0.0
102,Trockenwiesenweiden_trockenwiesenweiden,1967,0.0,0.0
103,WasserZugvoegel_wasserzugvogel,1967,0.0,0.0
104,Jagdbanngebiete_jagdbann,1967,0.0,0.0
105,BLN_landschaftnaturdenkmal,1967,0.0,0.0
106,Moorlandschaften_moorlandschaft,1967,0.0,0.0
107,Smaragd_smaragd,1967,0.0,0.0
108,Ramsar_ramsar,1967,0.0,0.0
109,Biosphaerenreservate_biosphaerenreservat,1967,0.0,0.0
110,Unesco_unescoWorldNaturalHeritage,1967,0.0,0.0
111,RegionalePaerke_ParkPerimeter,1967,0.0,0.0
112,Paerke_ParkKernzone,1968,0.0,0.0
113,NationalparkGraubuenden_nationalpark,1968,16689.978617439483,0.4042625316080776
114,IANB_amphibLaichgebietUndWanderobjekteUnion,1968,0.0,0.0
115,Auengebiete_Auengebiete,1968,0.0,0.0
116,Flachmoore_flachmoor,1968,0.0,0.0
117,Hochmoore_hochmoor,1968,0.0,0.0
118,Trockenwiesenweiden_trockenwiesenweiden,1968,0.0,0.0
119,WasserZugvoegel_wasserzugvogel,1968,0.0,0.0
120,Jagdbanngebiete_jagdbann,1968,0.0,0.0
121,BLN_landschaftnaturdenkmal,1968,0.0,0.0
122,Moorlandschaften_moorlandschaft,1968,0.0,0.0
123,Smaragd_smaragd,1968,0.0,0.0
124,Ramsar_ramsar,1968,0.0,0.0
125,Biosphaerenreservate_biosphaerenreservat,1968,0.0,0.0
126,Unesco_unescoWorldNaturalHeritage,1968,0.0,0.0
127,RegionalePaerke_ParkPerimeter,1968,0.0,0.0
128,Paerke_ParkKernzone,1969,0.0,0.0
129,NationalparkGraubuenden_nationalpark,1969,16689.978617439483,0.4042625316080776
130,IANB_amphibLaichgebietUndWanderobjekteUnion,1969,0.0,0.0
131,Auengebiete_Auengebiete,1969,0.0,0.0
132,Flachmoore_flachmoor,1969,0.0,0.0
133,Hochmoore_hochmoor,1969,0.0,0.0
134,Trockenwiesenweiden_trockenwiesenweiden,1969,0.0,0.0
135,WasserZugvoegel_wasserzugvogel,1969,0.0,0.0
136,Jagdbanngebiete_jagdbann,1969,0.0,0.0
137,BLN_landschaftnaturdenkmal,1969,0.0,0.0
138,Moorlandschaften_moorlandschaft,1969,0.0,0.0
139,Smaragd_smaragd,1969,0.0,0.0
140,Ramsar_ramsar,1969,0.0,0.0
141,Biosphaerenreservate_biosphaerenreservat,1969,0.0,0.0
142,Unesco_unescoWorldNaturalHeritage,1969,0.0,0.0
143,RegionalePaerke_ParkPerimeter,1969,0.0,0.0
144,Paerke_ParkKernzone,1970,0.0,0.0
145,NationalparkGraubuenden_nationalpark,1970,16689.978617439483,0.4042625316080776
146,IANB_amphibLaichgebietUndWanderobjekteUnion,1970,0.0,0.0
147,Auengebiete_Auengebiete,1970,0.0,0.0
148,Flachmoore_flachmoor,1970,0.0,0.0
149,Hochmoore_hochmoor,1970,0.0,0.0
150,Trockenwiesenweiden_trockenwiesenweiden,1970,0.0,0.0
151,WasserZugvoegel_wasserzugvogel,1970,0.0,0.0
152,Jagdbanngebiete_jagdbann,1970,0.0,0.0
153,BLN_landschaftnaturdenkmal,1970,0.0,0.0
154,Moorlandschaften_moorlandschaft,1970,0.0,0.0
155,Smaragd_smaragd,1970,0.0,0.0
156,Ramsar_ramsar,1970,0.0,0.0
157,Biosphaerenreservate_biosphaerenreservat,1970,0.0,0.0
158,Unesco_unescoWorldNaturalHeritage,1970,0.0,0.0
159,RegionalePaerke_ParkPerimeter,1970,0.0,0.0
160,Paerke_ParkKernzone,1971,0.0,0.0
161,NationalparkGraubuenden_nationalpark,1971,16689.978617439483,0.4042625316080776
162,IANB_amphibLaichgebietUndWanderobjekteUnion,1971,0.0,0.0
163,Auengebiete_Auengebiete,1971,0.0,0.0
164,Flachmoore_flachmoor,1971,0.0,0.0
165,Hochmoore_hochmoor,1971,0.0,0.0
166,Trockenwiesenweiden_trockenwiesenweiden,1971,0.0,0.0
167,WasserZugvoegel_wasserzugvogel,1971,0.0,0.0
168,Jagdbanngebiete_jagdbann,1971,0.0,0.0
169,BLN_landschaftnaturdenkmal,1971,0.0,0.0
170,Moorlandschaften_moorlandschaft,1971,0.0,0.0
171,Smaragd_smaragd,1971,0.0,0.0
172,Ramsar_ramsar,1971,0.0,0.0
173,Biosphaerenreservate_biosphaerenreservat,1971,0.0,0.0
174,Unesco_unescoWorldNaturalHeritage,1971,0.0,0.0
175,RegionalePaerke_ParkPerimeter,1971,0.0,0.0
176,Paerke_ParkKernzone,1972,0.0,0.0
177,NationalparkGraubuenden_nationalpark,1972,16689.978617439483,0.4042625316080776
178,IANB_amphibLaichgebietUndWanderobjekteUnion,1972,0.0,0.0
179,Auengebiete_Auengebiete,1972,0.0,0.0
180,Flachmoore_flachmoor,1972,0.0,0.0
181,Hochmoore_hochmoor,1972,0.0,0.0
182,Trockenwiesenweiden_trockenwiesenweiden,1972,0.0,0.0
183,WasserZugvoegel_wasserzugvogel,1972,0.0,0.0
184,Jagdbanngebiete_jagdbann,1972,0.0,0.0
185,BLN_landschaftnaturdenkmal,1972,0.0,0.0
186,Moorlandschaften_moorlandschaft,1972,0.0,0.0
187,Smaragd_smaragd,1972,0.0,0.0
188,Ramsar_ramsar,1972,0.0,0.0
189,Biosphaerenreservate_biosphaerenreservat,1972,0.0,0.0
190,Unesco_unescoWorldNaturalHeritage,1972,0.0,0.0
191,RegionalePaerke_ParkPerimeter,1972,0.0,0.0
192,Paerke_ParkKernzone,1973,0.0,0.0
193,NationalparkGraubuenden_nationalpark,1973,16689.978617439483,0.4042625316080776
194,IANB_amphibLaichgebietUndWanderobjekteUnion,1973,0.0,0.0
195,Auengebiete_Auengebiete,1973,0.0,0.0
196,Flachmoore_flachmoor,1973,0.0,0.0
197,Hochmoore_hochmoor,1973,0.0,0.0
198,Trockenwiesenweiden_trockenwiesenweiden,1973,0.0,0.0
199,WasserZugvoegel_wasserzugvogel,1973,0.0,0.0
200,Jagdbanngebiete_jagdbann,1973,0.0,0.0
201,BLN_landschaftnaturdenkmal,1973,0.0,0.0
202,Moorlandschaften_moorlandschaft,1973,0.0,0.0
203,Smaragd_smaragd,1973,0.0,0.0
204,Ramsar_ramsar,1973,0.0,0.0
205,Biosphaerenreservate_biosphaerenreservat,1973,0.0,0.0
206,Unesco_unescoWorldNaturalHeritage,1973,0.0,0.0
207,RegionalePaerke_ParkPerimeter,1973,0.0,0.0
208,Paerke_ParkKernzone,1974,0.0,0.0
209,NationalparkGraubuenden_nationalpark,1974,16689.978617439483,0.4042625316080776
210,IANB_amphibLaichgebietUndWanderobjekteUnion,1974,0.0,0.0
211,Auengebiete_Auengebiete,1974,0.0,0.0
212,Flachmoore_flachmoor,1974,0.0,0.0
213,Hochmoore_hochmoor,1974,0.0,0.0
214,Trockenwiesenweiden_trockenwiesenweiden,1974,0.0,0.0
215,WasserZugvoegel_wasserzugvogel,1974,0.0,0.0
216,Jagdbanngebiete_jagdbann,1974,0.0,0.0
217,BLN_landschaftnaturdenkmal,1974,0.0,0.0
218,Moorlandschaften_moorlandschaft,1974,0.0,0.0
219,Smaragd_smaragd,1974,0.0,0.0
220,Ramsar_ramsar,1974,0.0,0.0
221,Biosphaerenreservate_biosphaerenreservat,1974,0.0,0.0
222,Unesco_unescoWorldNaturalHeritage,1974,0.0,0.0
223,RegionalePaerke_ParkPerimeter,1974,0.0,0.0
224,Paerke_ParkKernzone,1975,0.0,0.0
225,NationalparkGraubuenden_nationalpark,1975,16689.978617439483,0.4042625316080776
226,IANB_amphibLaichgebietUndWanderobjekteUnion,1975,0.0,0.0
227,Auengebiete_Auengebiete,1975,0.0,0.0
228,Flachmoore_flachmoor,1975,0.0,0.0
229,Hochmoore_hochmoor,1975,0.0,0.0
230,Trockenwiesenweiden_trockenwiesenweiden,1975,0.0,0.0
231,WasserZugvoegel_wasserzugvogel,1975,0.0,0.0
232,Jagdbanngebiete_jagdbann,1975,0.0,0.0
233,BLN_landschaftnaturdenkmal,1975,0.0,0.0
234,Moorlandschaften_moorlandschaft,1975,0.0,0.0
235,Smaragd_smaragd,1975,0.0,0.0
236,Ramsar_ramsar,1975,0.0,0.0
237,Biosphaerenreservate_biosphaerenreservat,1975,0.0,0.0
238,Unesco_unescoWorldNaturalHeritage,1975,0.0,0.0
239,RegionalePaerke_ParkPerimeter,1975,0.0,0.0
240,Paerke_ParkKernzone,1976,0.0,0.0
241,NationalparkGraubuenden_nationalpark,1976,16689.978617439483,0.4042625316080776
242,IANB_amphibLaichgebietUndWanderobjekteUnion,1976,0.0,0.0
243,Auengebiete_Auengebiete,1976,0.0,0.0
244,Flachmoore_flachmoor,1976,0.0,0.0
245,Hochmoore_hochmoor,1976,0.0,0.0
246,Trockenwiesenweiden_trockenwiesenweiden,1976,0.0,0.0
247,WasserZugvoegel_wasserzugvogel,1976,0.0,0.0
248,Jagdbanngebiete_jagdbann,1976,0.0,0.0
249,BLN_landschaftnaturdenkmal,1976,0.0,0.0
250,Moorlandschaften_moorlandschaft,1976,0.0,0.0
251,Smaragd_smaragd,1976,0.0,0.0
252,Ramsar_ramsar,1976,0.0,0.0
253,Biosphaerenreservate_biosphaerenreservat,1976,0.0,0.0
254,Unesco_unescoWorldNaturalHeritage,1976,0.0,0.0
255,RegionalePaerke_ParkPerimeter,1976,0.0,0.0
256,Paerke_ParkKernzone,1977,0.0,0.0
257,NationalparkGraubuenden_nationalpark,1977,16689.978617439483,0.4042625316080776
258,IANB_amphibLaichgebietUndWanderobjekteUnion,1977,0.0,0.0
259,Auengebiete_Auengebiete,1977,0.0,0.0
260,Flachmoore_flachmoor,1977,0.0,0.0
261,Hochmoore_hochmoor,1977,0.0,0.0
262,Trockenwiesenweiden_trockenwiesenweiden,1977,0.0,0.0
263,WasserZugvoegel_wasserzugvogel,1977,0.0,0.0
264,Jagdbanngebiete_jagdbann,1977,0.0,0.0
265,BLN_landschaftnaturdenkmal,1977,171468.46124099268,4.153287180355885
266,Moorlandschaften_moorlandschaft,1977,0.0,0.0
267,Smaragd_smaragd,1977,0.0,0.0
268,Ramsar_ramsar,1977,0.0,0.0
269,Biosphaerenreservate_biosphaerenreservat,1977,0.0,0.0
270,Unesco_unescoWorldNaturalHeritage,1977,0.0,0.0
271,RegionalePaerke_ParkPerimeter,1977,0.0,0.0
272,Paerke_ParkKernzone,1978,0.0,0.0
273,NationalparkGraubuenden_nationalpark,1978,16689.978617439483,0.4042625316080776
274,IANB_amphibLaichgebietUndWanderobjekteUnion,1978,0.0,0.0
275,Auengebiete_Auengebiete,1978,0.0,0.0
276,Flachmoore_flachmoor,1978,0.0,0.0
277,Hochmoore_hochmoor,1978,0.0,0.0
278,Trockenwiesenweiden_trockenwiesenweiden,1978,0.0,0.0
279,WasserZugvoegel_wasserzugvogel,1978,0.0,0.0
280,Jagdbanngebiete_jagdbann,1978,0.0,0.0
281,BLN_landschaftnaturdenkmal,1978,171468.46124099268,4.153287180355885
282,Moorlandschaften_moorlandschaft,1978,0.0,0.0
283,Smaragd_smaragd,1978,0.0,0.0
284,Ramsar_ramsar,1978,0.0,0.0
285,Biosphaerenreservate_biosphaerenreservat,1978,0.0,0.0
286,Unesco_unescoWorldNaturalHeritage,1978,0.0,0.0
287,RegionalePaerke_ParkPerimeter,1978,0.0,0.0
288,Paerke_ParkKernzone,1979,0.0,0.0
289,NationalparkGraubuenden_nationalpark,1979,16689.978617439483,0.4042625316080776
290,IANB_amphibLaichgebietUndWanderobjekteUnion,1979,0.0,0.0
291,Auengebiete_Auengebiete,1979,0.0,0.0
292,Flachmoore_flachmoor,1979,0.0,0.0
293,Hochmoore_hochmoor,1979,0.0,0.0
294,Trockenwiesenweiden_trockenwiesenweiden,1979,0.0,0.0
295,WasserZugvoegel_wasserzugvogel,1979,0.0,0.0
296,Jagdbanngebiete_jagdbann,1979,0.0,0.0
297,BLN_landschaftnaturdenkmal,1979,171468.46124099268,4.153287180355885
298,Moorlandschaften_moorlandschaft,1979,0.0,0.0
299,Smaragd_smaragd,1979,0.0,0.0
300,Ramsar_ramsar,1979,0.0,0.0
301,Biosphaerenreservate_biosphaerenreservat,1979,0.0,0.0
302,Unesco_unescoWorldNaturalHeritage,1979,0.0,0.0
303,RegionalePaerke_ParkPerimeter,1979,0.0,0.0
304,Paerke_ParkKernzone,1980,0.0,0.0
305,NationalparkGraubuenden_nationalpark,1980,16689.978617439483,0.4042625316080776
306,IANB_amphibLaichgebietUndWanderobjekteUnion,1980,0.0,0.0
307,Auengebiete_Auengebiete,1980,0.0,0.0
308,Flachmoore_flachmoor,1980,0.0,0.0
309,Hochmoore_hochmoor,1980,0.0,0.0
310,Trockenwiesenweiden_trockenwiesenweiden,1980,0.0,0.0
311,WasserZugvoegel_wasserzugvogel,1980,0.0,0.0
312,Jagdbanngebiete_jagdbann,1980,0.0,0.0
313,BLN_landschaftnaturdenkmal,1980,171468.46124099268,4.153287180355885
314,Moorlandschaften_moorlandschaft,1980,0.0,0.0
315,Smaragd_smaragd,1980,0.0,0.0
316,Ramsar_ramsar,1980,0.0,0.0
317,Biosphaerenreservate_biosphaerenreservat,1980,0.0,0.0
318,Unesco_unescoWorldNaturalHeritage,1980,0.0,0.0
319,RegionalePaerke_ParkPerimeter,1980,0.0,0.0
320,Paerke_ParkKernzone,1981,0.0,0.0
321,NationalparkGraubuenden_nationalpark,1981,16689.978617439483,0.4042625316080776
322,IANB_amphibLaichgebietUndWanderobjekteUnion,1981,0.0,0.0
323,Auengebiete_Auengebiete,1981,0.0,0.0
324,Flachmoore_flachmoor,1981,0.0,0.0
325,Hochmoore_hochmoor,1981,0.0,0.0
326,Trockenwiesenweiden_trockenwiesenweiden,1981,0.0,0.0
327,WasserZugvoegel_wasserzugvogel,1981,0.0,0.0
328,Jagdbanngebiete_jagdbann,1981,0.0,0.0
329,BLN_landschaftnaturdenkmal,1981,171468.46124099268,4.153287180355885
330,Moorlandschaften_moorlandschaft,1981,0.0,0.0
331,Smaragd_smaragd,1981,0.0,0.0
332,Ramsar_ramsar,1981,0.0,0.0
333,Biosphaerenreservate_biosphaerenreservat,1981,0.0,0.0
334,Unesco_unescoWorldNaturalHeritage,1981,0.0,0.0
335,RegionalePaerke_ParkPerimeter,1981,0.0,0.0
336,Paerke_ParkKernzone,1982,0.0,0.0
337,NationalparkGraubuenden_nationalpark,1982,16689.978617439483,0.4042625316080776
338,IANB_amphibLaichgebietUndWanderobjekteUnion,1982,0.0,0.0
339,Auengebiete_Auengebiete,1982,0.0,0.0
340,Flachmoore_flachmoor,1982,0.0,0.0
341,Hochmoore_hochmoor,1982,0.0,0.0
342,Trockenwiesenweiden_trockenwiesenweiden,1982,0.0,0.0
343,WasserZugvoegel_wasserzugvogel,1982,0.0,0.0
344,Jagdbanngebiete_jagdbann,1982,0.0,0.0
345,BLN_landschaftnaturdenkmal,1982,171468.46124099268,4.153287180355885
346,Moorlandschaften_moorlandschaft,1982,0.0,0.0
347,Smaragd_smaragd,1982,0.0,0.0
348,Ramsar_ramsar,1982,0.0,0.0
349,Biosphaerenreservate_biosphaerenreservat,1982,0.0,0.0
350,Unesco_unescoWorldNaturalHeritage,1982,0.0,0.0
351,RegionalePaerke_ParkPerimeter,1982,0.0,0.0
352,Paerke_ParkKernzone,1983,0.0,0.0
353,NationalparkGraubuenden_nationalpark,1983,16689.978617439483,0.4042625316080776
354,IANB_amphibLaichgebietUndWanderobjekteUnion,1983,0.0,0.0
355,Auengebiete_Auengebiete,1983,0.0,0.0
356,Flachmoore_flachmoor,1983,0.0,0.0
357,Hochmoore_hochmoor,1983,0.0,0.0
358,Trockenwiesenweiden_trockenwiesenweiden,1983,0.0,0.0
359,WasserZugvoegel_wasserzugvogel,1983,0.0,0.0
360,Jagdbanngebiete_jagdbann,1983,0.0,0.0
361,BLN_landschaftnaturdenkmal,1983,534174.8024818912,12.938713878694228
362,Moorlandschaften_moorlandschaft,1983,0.0,0.0
363,Smaragd_smaragd,1983,0.0,0.0
364,Ramsar_ramsar,1983,0.0,0.0
365,Biosphaerenreservate_biosphaerenreservat,1983,0.0,0.0
366,Unesco_unescoWorldNaturalHeritage,1983,0.0,0.0
367,RegionalePaerke_ParkPerimeter,1983,0.0,0.0
368,Paerke_ParkKernzone,1984,0.0,0.0
369,NationalparkGraubuenden_nationalpark,1984,16689.978617439483,0.4042625316080776
370,IANB_amphibLaichgebietUndWanderobjekteUnion,1984,0.0,0.0
371,Auengebiete_Auengebiete,1984,0.0,0.0
372,Flachmoore_flachmoor,1984,0.0,0.0
373,Hochmoore_hochmoor,1984,0.0,0.0
374,Trockenwiesenweiden_trockenwiesenweiden,1984,0.0,0.0
375,WasserZugvoegel_wasserzugvogel,1984,0.0,0.0
376,Jagdbanngebiete_jagdbann,1984,0.0,0.0
377,BLN_landschaftnaturdenkmal,1984,534174.8024818912,12.938713878694228
378,Moorlandschaften_moorlandschaft,1984,0.0,0.0
379,Smaragd_smaragd,1984,0.0,0.0
380,Ramsar_ramsar,1984,0.0,0.0
381,Biosphaerenreservate_biosphaerenreservat,1984,0.0,0.0
382,Unesco_unescoWorldNaturalHeritage,1984,0.0,0.0
383,RegionalePaerke_ParkPerimeter,1984,0.0,0.0
384,Paerke_ParkKernzone,1985,0.0,0.0
385,NationalparkGraubuenden_nationalpark,1985,16689.978617439483,0.4042625316080776
386,IANB_amphibLaichgebietUndWanderobjekteUnion,1985,0.0,0.0
387,Auengebiete_Auengebiete,1985,0.0,0.0
388,Flachmoore_flachmoor,1985,0.0,0.0
389,Hochmoore_hochmoor,1985,0.0,0.0
390,Trockenwiesenweiden_trockenwiesenweiden,1985,0.0,0.0
391,WasserZugvoegel_wasserzugvogel,1985,0.0,0.0
392,Jagdbanngebiete_jagdbann,1985,0.0,0.0
393,BLN_landschaftnaturdenkmal,1985,534174.8024818912,12.938713878694228
394,Moorlandschaften_moorlandschaft,1985,0.0,0.0
395,Smaragd_smaragd,1985,0.0,0.0
396,Ramsar_ramsar,1985,0.0,0.0
397,Biosphaerenreservate_biosphaerenreservat,1985,0.0,0.0
398,Unesco_unescoWorldNaturalHeritage,1985,0.0,0.0
399,RegionalePaerke_ParkPerimeter,1985,0.0,0.0
400,Paerke_ParkKernzone,1986,0.0,0.0
401,NationalparkGraubuenden_nationalpark,1986,16689.978617439483,0.4042625316080776
402,IANB_amphibLaichgebietUndWanderobjekteUnion,1986,0.0,0.0
403,Auengebiete_Auengebiete,1986,0.0,0.0
404,Flachmoore_flachmoor,1986,0.0,0.0
405,Hochmoore_hochmoor,1986,0.0,0.0
406,Trockenwiesenweiden_trockenwiesenweiden,1986,0.0,0.0
407,WasserZugvoegel_wasserzugvogel,1986,0.0,0.0
408,Jagdbanngebiete_jagdbann,1986,0.0,0.0
409,BLN_landschaftnaturdenkmal,1986,534174.8024818912,12.938713878694228
410,Moorlandschaften_moorlandschaft,1986,0.0,0.0
411,Smaragd_smaragd,1986,0.0,0.0
412,Ramsar_ramsar,1986,0.0,0.0
413,Biosphaerenreservate_biosphaerenreservat,1986,0.0,0.0
414,Unesco_unescoWorldNaturalHeritage,1986,0.0,0.0
415,RegionalePaerke_ParkPerimeter,1986,0.0,0.0
416,Paerke_ParkKernzone,1987,0.0,0.0
417,NationalparkGraubuenden_nationalpark,1987,16689.978617439483,0.4042625316080776
418,IANB_amphibLaichgebietUndWanderobjekteUnion,1987,0.0,0.0
419,Auengebiete_Auengebiete,1987,0.0,0.0
420,Flachmoore_flachmoor,1987,0.0,0.0
421,Hochmoore_hochmoor,1987,0.0,0.0
422,Trockenwiesenweiden_trockenwiesenweiden,1987,0.0,0.0
423,WasserZugvoegel_wasserzugvogel,1987,0.0,0.0
424,Jagdbanngebiete_jagdbann,1987,0.0,0.0
425,BLN_landschaftnaturdenkmal,1987,534174.8024818912,12.938713878694228
426,Moorlandschaften_moorlandschaft,1987,0.0,0.0
427,Smaragd_smaragd,1987,0.0,0.0
428,Ramsar_ramsar,1987,0.0,0.0
429,Biosphaerenreservate_biosphaerenreservat,1987,0.0,0.0
430,Unesco_unescoWorldNaturalHeritage,1987,0.0,0.0
431,RegionalePaerke_ParkPerimeter,1987,0.0,0.0
432,Paerke_ParkKernzone,1988,0.0,0.0
433,NationalparkGraubuenden_nationalpark,1988,16689.978617439483,0.4042625316080776
434,IANB_amphibLaichgebietUndWanderobjekteUnion,1988,0.0,0.0
435,Auengebiete_Auengebiete,1988,0.0,0.0
436,Flachmoore_flachmoor,1988,0.0,0.0
437,Hochmoore_hochmoor,1988,0.0,0.0
438,Trockenwiesenweiden_trockenwiesenweiden,1988,0.0,0.0
439,WasserZugvoegel_wasserzugvogel,1988,0.0,0.0
440,Jagdbanngebiete_jagdbann,1988,0.0,0.0
441,BLN_landschaftnaturdenkmal,1988,534174.8024818912,12.938713878694228
442,Moorlandschaften_moorlandschaft,1988,0.0,0.0
443,Smaragd_smaragd,1988,0.0,0.0
444,Ramsar_ramsar,1988,0.0,0.0
445,Biosphaerenreservate_biosphaerenreservat,1988,0.0,0.0
446,Unesco_unescoWorldNaturalHeritage,1988,0.0,0.0
447,RegionalePaerke_ParkPerimeter,1988,0.0,0.0
448,Paerke_ParkKernzone,1989,0.0,0.0
449,NationalparkGraubuenden_nationalpark,1989,16689.978617439483,0.4042625316080776
450,IANB_amphibLaichgebietUndWanderobjekteUnion,1989,0.0,0.0
451,Auengebiete_Auengebiete,1989,0.0,0.0
452,Flachmoore_flachmoor,1989,0.0,0.0
453,Hochmoore_hochmoor,1989,0.0,0.0
454,Trockenwiesenweiden_trockenwiesenweiden,1989,0.0,0.0
455,WasserZugvoegel_wasserzugvogel,1989,0.0,0.0
456,Jagdbanngebiete_jagdbann,1989,0.0,0.0
457,BLN_landschaftnaturdenkmal,1989,534174.8024818912,12.938713878694228
458,Moorlandschaften_moorlandschaft,1989,0.0,0.0
459,Smaragd_smaragd,1989,0.0,0.0
460,Ramsar_ramsar,1989,0.0,0.0
461,Biosphaerenreservate_biosphaerenreservat,1989,0.0,0.0
462,Unesco_unescoWorldNaturalHeritage,1989,0.0,0.0
463,RegionalePaerke_ParkPerimeter,1989,0.0,0.0
464,Paerke_ParkKernzone,1990,0.0,0.0
465,NationalparkGraubuenden_nationalpark,1990,16689.978617439483,0.4042625316080776
466,IANB_amphibLaichgebietUndWanderobjekteUnion,1990,0.0,0.0
467,Auengebiete_Auengebiete,1990,0.0,0.0
468,Flachmoore_flachmoor,1990,0.0,0.0
469,Hochmoore_hochmoor,1990,0.0,0.0
470,Trockenwiesenweiden_trockenwiesenweiden,1990,0.0,0.0
471,WasserZugvoegel_wasserzugvogel,1990,0.0,0.0
472,Jagdbanngebiete_jagdbann,1990,0.0,0.0
473,BLN_landschaftnaturdenkmal,1990,534174.8024818912,12.938713878694228
474,Moorlandschaften_moorlandschaft,1990,0.0,0.0
475,Smaragd_smaragd,1990,0.0,0.0
476,Ramsar_ramsar,1990,5737.531241437772,0.1389737493384467
477,Biosphaerenreservate_biosphaerenreservat,1990,0.0,0.0
478,Unesco_unescoWorldNaturalHeritage,1990,0.0,0.0
479,RegionalePaerke_ParkPerimeter,1990,0.0,0.0
480,Paerke_ParkKernzone,1991,0.0,0.0
481,NationalparkGraubuenden_nationalpark,1991,16689.978617439483,0.4042625316080776
482,IANB_amphibLaichgebietUndWanderobjekteUnion,1991,0.0,0.0
483,Auengebiete_Auengebiete,1991,0.0,0.0
484,Flachmoore_flachmoor,1991,0.0,0.0
485,Hochmoore_hochmoor,1991,1469.7680819006,0.03560053486497759
486,Trockenwiesenweiden_trockenwiesenweiden,1991,0.0,0.0
487,WasserZugvoegel_wasserzugvogel,1991,11293.635598354213,0.2735529998390266
488,Jagdbanngebiete_jagdbann,1991,0.0,0.0
489,BLN_landschaftnaturdenkmal,1991,534174.8024818912,12.938713878694228
490,Moorlandschaften_moorlandschaft,1991,0.0,0.0
491,Smaragd_smaragd,1991,0.0,0.0
492,Ramsar_ramsar,1991,5737.531241437772,0.1389737493384467
493,Biosphaerenreservate_biosphaerenreservat,1991,0.0,0.0
494,Unesco_unescoWorldNaturalHeritage,1991,0.0,0.0
495,RegionalePaerke_ParkPerimeter,1991,0.0,0.0
496,Paerke_ParkKernzone,1992,0.0,0.0
497,NationalparkGraubuenden_nationalpark,1992,16689.978617439483,0.4042625316080776
498,IANB_amphibLaichgebietUndWanderobjekteUnion,1992,0.0,0.0
499,Auengebiete_Auengebiete,1992,11017.150432653665,0.26685601144855675
500,Flachmoore_flachmoor,1992,0.0,0.0
501,Hochmoore_hochmoor,1992,1469.7680819006,0.03560053486497759
502,Trockenwiesenweiden_trockenwiesenweiden,1992,0.0,0.0
503,WasserZugvoegel_wasserzugvogel,1992,11673.038527331319,0.28274284915420417
504,Jagdbanngebiete_jagdbann,1992,149426.10797028916,3.619380113123148
505,BLN_landschaftnaturdenkmal,1992,534174.8024818912,12.938713878694228
506,Moorlandschaften_moorlandschaft,1992,0.0,0.0
507,Smaragd_smaragd,1992,0.0,0.0
508,Ramsar_ramsar,1992,5737.531241437772,0.1389737493384467
509,Biosphaerenreservate_biosphaerenreservat,1992,0.0,0.0
510,Unesco_unescoWorldNaturalHeritage,1992,0.0,0.0
511,RegionalePaerke_ParkPerimeter,1992,0.0,0.0
512,Paerke_ParkKernzone,1993,0.0,0.0
513,NationalparkGraubuenden_nationalpark,1993,16689.978617439483,0.4042625316080776
514,IANB_amphibLaichgebietUndWanderobjekteUnion,1993,0.0,0.0
515,Auengebiete_Auengebiete,1993,11017.150432653665,0.26685601144855675
516,Flachmoore_flachmoor,1993,0.0,0.0
517,Hochmoore_hochmoor,1993,1469.7680819006,0.03560053486497759
518,Trockenwiesenweiden_trockenwiesenweiden,1993,0.0,0.0
519,WasserZugvoegel_wasserzugvogel,1993,11673.038527331319,0.28274284915420417
520,Jagdbanngebiete_jagdbann,1993,149426.10797028916,3.619380113123148
521,BLN_landschaftnaturdenkmal,1993,534174.8024818912,12.938713878694228
522,Moorlandschaften_moorlandschaft,1993,0.0,0.0
523,Smaragd_smaragd,1993,0.0,0.0
524,Ramsar_ramsar,1993,5737.531241437772,0.1389737493384467
525,Biosphaerenreservate_biosphaerenreservat,1993,0.0,0.0
526,Unesco_unescoWorldNaturalHeritage,1993,0.0,0.0
527,RegionalePaerke_ParkPerimeter,1993,0.0,0.0
528,Paerke_ParkKernzone,1994,0.0,0.0
529,NationalparkGraubuenden_nationalpark,1994,16689.978617439483,0.4042625316080776
530,IANB_amphibLaichgebietUndWanderobjekteUnion,1994,0.0,0.0
531,Auengebiete_Auengebiete,1994,11017.150432653665,0.26685601144855675
532,Flachmoore_flachmoor,1994,9877.444727475973,0.23925020534034086
533,Hochmoore_hochmoor,1994,1469.7680819006,0.03560053486497759
534,Trockenwiesenweiden_trockenwiesenweiden,1994,0.0,0.0
535,WasserZugvoegel_wasserzugvogel,1994,11673.038527331319,0.28274284915420417
536,Jagdbanngebiete_jagdbann,1994,149426.10797028916,3.619380113123148
537,BLN_landschaftnaturdenkmal,1994,534174.8024818912,12.938713878694228
538,Moorlandschaften_moorlandschaft,1994,0.0,0.0
539,Smaragd_smaragd,1994,0.0,0.0
540,Ramsar_ramsar,1994,5737.531241437772,0.1389737493384467
541,Biosphaerenreservate_biosphaerenreservat,1994,0.0,0.0
542,Unesco_unescoWorldNaturalHeritage,1994,0.0,0.0
543,RegionalePaerke_ParkPerimeter,1994,0.0,0.0
544,Paerke_ParkKernzone,1995,0.0,0.0
545,NationalparkGraubuenden_nationalpark,1995,16689.978617439483,0.4042625316080776
546,IANB_amphibLaichgebietUndWanderobjekteUnion,1995,0.0,0.0
547,Auengebiete_Auengebiete,1995,11017.150432653665,0.26685601144855675
548,Flachmoore_flachmoor,1995,9877.444727475973,0.23925020534034086
549,Hochmoore_hochmoor,1995,1469.7680819006,0.03560053486497759
550,Trockenwiesenweiden_trockenwiesenweiden,1995,0.0,0.0
551,WasserZugvoegel_wasserzugvogel,1995,11673.038527331319,0.28274284915420417
552,Jagdbanngebiete_jagdbann,1995,149426.10797028916,3.619380113123148
553,BLN_landschaftnaturdenkmal,1995,534174.8024818912,12.938713878694228
554,Moorlandschaften_moorlandschaft,1995,0.0,0.0
555,Smaragd_smaragd,1995,0.0,0.0
556,Ramsar_ramsar,1995,5737.531241437772,0.1389737493384467
557,Biosphaerenreservate_biosphaerenreservat,1995,0.0,0.0
558,Unesco_unescoWorldNaturalHeritage,1995,0.0,0.0
559,RegionalePaerke_ParkPerimeter,1995,0.0,0.0
560,Paerke_ParkKernzone,1996,0.0,0.0
561,NationalparkGraubuenden_nationalpark,1996,16689.978617439483,0.4042625316080776
562,IANB_amphibLaichgebietUndWanderobjekteUnion,1996,0.0,0.0
563,Auengebiete_Auengebiete,1996,11017.150432653665,0.26685601144855675
564,Flachmoore_flachmoor,1996,17481.731877573155,0.4234402780083118
565,Hochmoore_hochmoor,1996,1469.7680819006,0.03560053486497759
566,Trockenwiesenweiden_trockenwiesenweiden,1996,0.0,0.0
567,WasserZugvoegel_wasserzugvogel,1996,11673.038527331319,0.28274284915420417
568,Jagdbanngebiete_jagdbann,1996,149426.10797028916,3.619380113123148
569,BLN_landschaftnaturdenkmal,1996,706677.8696550595,17.11706115187258
570,Moorlandschaften_moorlandschaft,1996,87366.10126191025,2.116170552547178
571,Smaragd_smaragd,1996,0.0,0.0
572,Ramsar_ramsar,1996,5737.531241437772,0.1389737493384467
573,Biosphaerenreservate_biosphaerenreservat,1996,0.0,0.0
574,Unesco_unescoWorldNaturalHeritage,1996,0.0,0.0
575,RegionalePaerke_ParkPerimeter,1996,0.0,0.0
576,Paerke_ParkKernzone,1997,0.0,0.0
577,NationalparkGraubuenden_nationalpark,1997,16689.978617439483,0.4042625316080776
578,IANB_amphibLaichgebietUndWanderobjekteUnion,1997,0.0,0.0
579,Auengebiete_Auengebiete,1997,11017.150432653665,0.26685601144855675
580,Flachmoore_flachmoor,1997,17481.731877573155,0.4234402780083118
581,Hochmoore_hochmoor,1997,1469.7680819006,0.03560053486497759
582,Trockenwiesenweiden_trockenwiesenweiden,1997,0.0,0.0
583,WasserZugvoegel_wasserzugvogel,1997,11673.038527331319,0.28274284915420417
584,Jagdbanngebiete_jagdbann,1997,149426.10797028916,3.619380113123148
585,BLN_landschaftnaturdenkmal,1997,706677.8696550595,17.11706115187258
586,Moorlandschaften_moorlandschaft,1997,87366.10126191025,2.116170552547178
587,Smaragd_smaragd,1997,0.0,0.0
588,Ramsar_ramsar,1997,5737.531241437772,0.1389737493384467
589,Biosphaerenreservate_biosphaerenreservat,1997,0.0,0.0
590,Unesco_unescoWorldNaturalHeritage,1997,0.0,0.0
591,RegionalePaerke_ParkPerimeter,1997,0.0,0.0
592,Paerke_ParkKernzone,1998,0.0,0.0
593,NationalparkGraubuenden_nationalpark,1998,16703.960480604856,0.40460119851289467
594,IANB_amphibLaichgebietUndWanderobjekteUnion,1998,0.0,0.0
595,Auengebiete_Auengebiete,1998,11017.150432653665,0.26685601144855675
596,Flachmoore_flachmoor,1998,19186.102605462434,0.4647233282175714
597,Hochmoore_hochmoor,1998,1469.7680819006,0.03560053486497759
598,Trockenwiesenweiden_trockenwiesenweiden,1998,0.0,0.0
599,WasserZugvoegel_wasserzugvogel,1998,11673.038527331319,0.28274284915420417
600,Jagdbanngebiete_jagdbann,1998,149426.10797028916,3.619380113123148
601,BLN_landschaftnaturdenkmal,1998,780708.7335157138,18.910227286319824
602,Moorlandschaften_moorlandschaft,1998,87366.10126191025,2.116170552547178
603,Smaragd_smaragd,1998,0.0,0.0
604,Ramsar_ramsar,1998,5737.531241437772,0.1389737493384467
605,Biosphaerenreservate_biosphaerenreservat,1998,0.0,0.0
606,Unesco_unescoWorldNaturalHeritage,1998,0.0,0.0
607,RegionalePaerke_ParkPerimeter,1998,0.0,0.0
608,Paerke_ParkKernzone,1999,0.0,0.0
609,NationalparkGraubuenden_nationalpark,1999,16703.960480604856,0.40460119851289467
610,IANB_amphibLaichgebietUndWanderobjekteUnion,1999,0.0,0.0
611,Auengebiete_Auengebiete,1999,11017.150432653665,0.26685601144855675
612,Flachmoore_flachmoor,1999,19186.102605462434,0.4647233282175714
613,Hochmoore_hochmoor,1999,1469.7680819006,0.03560053486497759
614,Trockenwiesenweiden_trockenwiesenweiden,1999,0.0,0.0
615,WasserZugvoegel_wasserzugvogel,1999,11673.038527331319,0.28274284915420417
616,Jagdbanngebiete_jagdbann,1999,149426.10797028916,3.619380113123148
617,BLN_landschaftnaturdenkmal,1999,780708.7335157138,18.910227286319824
618,Moorlandschaften_moorlandschaft,1999,87366.10126191025,2.116170552547178
619,Smaragd_smaragd,1999,0.0,0.0
620,Ramsar_ramsar,1999,5737.531241437772,0.1389737493384467
621,Biosphaerenreservate_biosphaerenreservat,1999,0.0,0.0
622,Unesco_unescoWorldNaturalHeritage,1999,0.0,0.0
623,RegionalePaerke_ParkPerimeter,1999,0.0,0.0
624,Paerke_ParkKernzone,2000,0.0,0.0
625,NationalparkGraubuenden_nationalpark,2000,17032.957753420455,0.4125701284587733
626,IANB_amphibLaichgebietUndWanderobjekteUnion,2000,0.0,0.0
627,Auengebiete_Auengebiete,2000,11017.150432653665,0.26685601144855675
628,Flachmoore_flachmoor,2000,19186.102605462434,0.4647233282175714
629,Hochmoore_hochmoor,2000,1469.7680819006,0.03560053486497759
630,Trockenwiesenweiden_trockenwiesenweiden,2000,0.0,0.0
631,WasserZugvoegel_wasserzugvogel,2000,11673.038527331319,0.28274284915420417
632,Jagdbanngebiete_jagdbann,2000,149426.10797028916,3.619380113123148
633,BLN_landschaftnaturdenkmal,2000,780708.7335157138,18.910227286319824
634,Moorlandschaften_moorlandschaft,2000,87366.10126191025,2.116170552547178
635,Smaragd_smaragd,2000,0.0,0.0
636,Ramsar_ramsar,2000,6567.077356918547,0.1590669094566682
637,Biosphaerenreservate_biosphaerenreservat,2000,0.0,0.0
638,Unesco_unescoWorldNaturalHeritage,2000,0.0,0.0
639,RegionalePaerke_ParkPerimeter,2000,0.0,0.0
640,Paerke_ParkKernzone,2001,0.0,0.0
641,NationalparkGraubuenden_nationalpark,2001,17032.957753420455,0.4125701284587733
642,IANB_amphibLaichgebietUndWanderobjekteUnion,2001,10911.346851298313,0.26429325060671705
643,Auengebiete_Auengebiete,2001,20083.029045496234,0.4864485659560672
644,Flachmoore_flachmoor,2001,19184.559795721383,0.46468595847696215
645,Hochmoore_hochmoor,2001,1469.7680819006,0.03560053486497759
646,Trockenwiesenweiden_trockenwiesenweiden,2001,0.0,0.0
647,WasserZugvoegel_wasserzugvogel,2001,18920.234895753583,0.45828351449082194
648,Jagdbanngebiete_jagdbann,2001,149529.14504771135,3.6218758640598607
649,BLN_landschaftnaturdenkmal,2001,780708.7335157138,18.910227286319824
650,Moorlandschaften_moorlandschaft,2001,87339.75187277485,2.115532321007021
651,Smaragd_smaragd,2001,0.0,0.0
652,Ramsar_ramsar,2001,6567.077356918547,0.1590669094566682
653,Biosphaerenreservate_biosphaerenreservat,2001,56144.997775116935,1.3599369692410543
654,Unesco_unescoWorldNaturalHeritage,2001,0.0,0.0
655,RegionalePaerke_ParkPerimeter,2001,0.0,0.0
656,Paerke_ParkKernzone,2002,0.0,0.0
657,NationalparkGraubuenden_nationalpark,2002,17032.957753420455,0.4125701284587733
658,IANB_amphibLaichgebietUndWanderobjekteUnion,2002,10911.346851298313,0.26429325060671705
659,Auengebiete_Auengebiete,2002,20083.029045496234,0.4864485659560672
660,Flachmoore_flachmoor,2002,19184.559795721383,0.46468595847696215
661,Hochmoore_hochmoor,2002,1469.7680819006,0.03560053486497759
662,Trockenwiesenweiden_trockenwiesenweiden,2002,0.0,0.0
663,WasserZugvoegel_wasserzugvogel,2002,18920.234895753583,0.45828351449082194
664,Jagdbanngebiete_jagdbann,2002,149529.14504771135,3.6218758640598607
665,BLN_landschaftnaturdenkmal,2002,780708.7335157138,18.910227286319824
666,Moorlandschaften_moorlandschaft,2002,87339.75187277485,2.115532321007021
667,Smaragd_smaragd,2002,0.0,0.0
668,Ramsar_ramsar,2002,6567.077356918547,0.1590669094566682
669,Biosphaerenreservate_biosphaerenreservat,2002,56144.997775116935,1.3599369692410543
670,Unesco_unescoWorldNaturalHeritage,2002,0.0,0.0
671,RegionalePaerke_ParkPerimeter,2002,0.0,0.0
672,Paerke_ParkKernzone,2003,0.0,0.0
673,NationalparkGraubuenden_nationalpark,2003,17032.957753420455,0.4125701284587733
674,IANB_amphibLaichgebietUndWanderobjekteUnion,2003,11744.278468626355,0.28446841391852623
675,Auengebiete_Auengebiete,2003,22632.852485369196,0.5482100638335763
676,Flachmoore_flachmoor,2003,19184.559795721383,0.46468595847696215
677,Hochmoore_hochmoor,2003,1524.6072971371264,0.03692884333625109
678,Trockenwiesenweiden_trockenwiesenweiden,2003,0.0,0.0
679,WasserZugvoegel_wasserzugvogel,2003,18920.234895753583,0.45828351449082194
680,Jagdbanngebiete_jagdbann,2003,149529.14504771135,3.6218758640598607
681,BLN_landschaftnaturdenkmal,2003,780708.7335157138,18.910227286319824
682,Moorlandschaften_moorlandschaft,2003,87339.75187277485,2.115532321007021
683,Smaragd_smaragd,2003,0.0,0.0
684,Ramsar_ramsar,2003,6641.237741292622,0.16086321282045832
685,Biosphaerenreservate_biosphaerenreservat,2003,56144.997775116935,1.3599369692410543
686,Unesco_unescoWorldNaturalHeritage,2003,0.0,0.0
687,RegionalePaerke_ParkPerimeter,2003,0.0,0.0
688,Paerke_ParkKernzone,2004,0.0,0.0
689,NationalparkGraubuenden_nationalpark,2004,17032.957753420455,0.4125701284587733
690,IANB_amphibLaichgebietUndWanderobjekteUnion,2004,11744.278468626355,0.28446841391852623
691,Auengebiete_Auengebiete,2004,22632.852485369196,0.5482100638335763
692,Flachmoore_flachmoor,2004,19189.29834668214,0.4648007350534611
693,Hochmoore_hochmoor,2004,1524.6072971371264,0.03692884333625109
694,Trockenwiesenweiden_trockenwiesenweiden,2004,0.0,0.0
695,WasserZugvoegel_wasserzugvogel,2004,18920.234895753583,0.45828351449082194
696,Jagdbanngebiete_jagdbann,2004,150922.01408916857,3.655613760183325
697,BLN_landschaftnaturdenkmal,2004,780708.7335157138,18.910227286319824
698,Moorlandschaften_moorlandschaft,2004,87373.67379739099,2.1163539735349644
699,Smaragd_smaragd,2004,0.0,0.0
700,Ramsar_ramsar,2004,6650.427609429647,0.16108580863339342
701,Biosphaerenreservate_biosphaerenreservat,2004,56144.997775116935,1.3599369692410543
702,Unesco_unescoWorldNaturalHeritage,2004,0.0,0.0
703,RegionalePaerke_ParkPerimeter,2004,0.0,0.0
704,Paerke_ParkKernzone,2005,0.0,0.0
705,NationalparkGraubuenden_nationalpark,2005,17032.957753420455,0.4125701284587733
706,IANB_amphibLaichgebietUndWanderobjekteUnion,2005,11744.278468626355,0.28446841391852623
707,Auengebiete_Auengebiete,2005,22632.852485369196,0.5482100638335763
708,Flachmoore_flachmoor,2005,19189.29834668214,0.4648007350534611
709,Hochmoore_hochmoor,2005,1524.6072971371264,0.03692884333625109
710,Trockenwiesenweiden_trockenwiesenweiden,2005,0.0,0.0
711,WasserZugvoegel_wasserzugvogel,2005,18920.234895753583,0.45828351449082194
712,Jagdbanngebiete_jagdbann,2005,150922.01394076532,3.655613756588721
713,BLN_landschaftnaturdenkmal,2005,780708.7335157138,18.910227286319824
714,Moorlandschaften_moorlandschaft,2005,87373.67379739099,2.1163539735349644
715,Smaragd_smaragd,2005,0.0,0.0
716,Ramsar_ramsar,2005,8726.62565223409,0.21137521260104375
717,Biosphaerenreservate_biosphaerenreservat,2005,56144.997775116935,1.3599369692410543
718,Unesco_unescoWorldNaturalHeritage,2005,0.0,0.0
719,RegionalePaerke_ParkPerimeter,2005,0.0,0.0
720,Paerke_ParkKernzone,2006,0.0,0.0
721,NationalparkGraubuenden_nationalpark,2006,17032.957753420455,0.4125701284587733
722,IANB_amphibLaichgebietUndWanderobjekteUnion,2006,11744.278468626355,0.28446841391852623
723,Auengebiete_Auengebiete,2006,22632.852485369196,0.5482100638335763
724,Flachmoore_flachmoor,2006,19189.29834668214,0.4648007350534611
725,Hochmoore_hochmoor,2006,1524.6072971371264,0.03692884333625109
726,Trockenwiesenweiden_trockenwiesenweiden,2006,0.0,0.0
727,WasserZugvoegel_wasserzugvogel,2006,18920.234895753583,0.45828351449082194
728,Jagdbanngebiete_jagdbann,2006,150922.01394076532,3.655613756588721
729,BLN_landschaftnaturdenkmal,2006,780708.7335157138,18.910227286319824
730,Moorlandschaften_moorlandschaft,2006,87373.67379739099,2.1163539735349644
731,Smaragd_smaragd,2006,0.0,0.0
732,Ramsar_ramsar,2006,8726.62565223409,0.21137521260104375
733,Biosphaerenreservate_biosphaerenreservat,2006,56144.997775116935,1.3599369692410543
734,Unesco_unescoWorldNaturalHeritage,2006,0.0,0.0
735,RegionalePaerke_ParkPerimeter,2006,0.0,0.0
736,Paerke_ParkKernzone,2007,0.0,0.0
737,NationalparkGraubuenden_nationalpark,2007,17032.957753420455,0.4125701284587733
738,IANB_amphibLaichgebietUndWanderobjekteUnion,2007,13886.296828010887,0.3363521091924643
739,Auengebiete_Auengebiete,2007,22639.25086446783,0.5483650445553551
740,Flachmoore_flachmoor,2007,19218.080749146207,0.4654978987318931
741,Hochmoore_hochmoor,2007,1523.85533360599,0.036910629371587504
742,Trockenwiesenweiden_trockenwiesenweiden,2007,0.0,0.0
743,WasserZugvoegel_wasserzugvogel,2007,18920.234895753583,0.45828351449082194
744,Jagdbanngebiete_jagdbann,2007,150922.01394076532,3.655613756588721
745,BLN_landschaftnaturdenkmal,2007,780708.7335157138,18.910227286319824
746,Moorlandschaften_moorlandschaft,2007,87404.94562114123,2.117111435658017
747,Smaragd_smaragd,2007,0.0,0.0
748,Ramsar_ramsar,2007,8726.62565223409,0.21137521260104375
749,Biosphaerenreservate_biosphaerenreservat,2007,56144.997775116935,1.3599369692410543
750,Unesco_unescoWorldNaturalHeritage,2007,0.0,0.0
751,RegionalePaerke_ParkPerimeter,2007,0.0,0.0
752,Paerke_ParkKernzone,2008,0.0,0.0
753,NationalparkGraubuenden_nationalpark,2008,17032.957753420455,0.4125701284587733
754,IANB_amphibLaichgebietUndWanderobjekteUnion,2008,13886.296828010887,0.3363521091924643
755,Auengebiete_Auengebiete,2008,22639.25086446783,0.5483650445553551
756,Flachmoore_flachmoor,2008,19218.080749146207,0.4654978987318931
757,Hochmoore_hochmoor,2008,1523.85533360599,0.036910629371587504
758,Trockenwiesenweiden_trockenwiesenweiden,2008,0.0,0.0
759,WasserZugvoegel_wasserzugvogel,2008,18920.234895753583,0.45828351449082194
760,Jagdbanngebiete_jagdbann,2008,150922.01394076532,3.655613756588721
761,BLN_landschaftnaturdenkmal,2008,780708.7335157138,18.910227286319824
762,Moorlandschaften_moorlandschaft,2008,87404.94562114123,2.117111435658017
763,Smaragd_smaragd,2008,0.0,0.0
764,Ramsar_ramsar,2008,8726.62565223409,0.21137521260104375
765,Biosphaerenreservate_biosphaerenreservat,2008,56144.997775116935,1.3599369692410543
766,Unesco_unescoWorldNaturalHeritage,2008,0.0,0.0
767,RegionalePaerke_ParkPerimeter,2008,39444.250685725456,0.9554136050799432
768,Paerke_ParkKernzone,2009,0.0,0.0
769,NationalparkGraubuenden_nationalpark,2009,17032.957753420455,0.4125701284587733
770,IANB_amphibLaichgebietUndWanderobjekteUnion,2009,13886.296828010887,0.3363521091924643
771,Auengebiete_Auengebiete,2009,22639.25086446783,0.5483650445553551
772,Flachmoore_flachmoor,2009,19218.080749146207,0.4654978987318931
773,Hochmoore_hochmoor,2009,1523.85533360599,0.036910629371587504
774,Trockenwiesenweiden_trockenwiesenweiden,2009,0.0,0.0
775,WasserZugvoegel_wasserzugvogel,2009,22164.173104878704,0.5368577717059151
776,Jagdbanngebiete_jagdbann,2009,150922.01394076532,3.655613756588721
777,BLN_landschaftnaturdenkmal,2009,780708.7335157138,18.910227286319824
778,Moorlandschaften_moorlandschaft,2009,87404.94562114123,2.117111435658017
779,Smaragd_smaragd,2009,0.0,0.0
780,Ramsar_ramsar,2009,8726.62565223409,0.21137521260104375
781,Biosphaerenreservate_biosphaerenreservat,2009,56144.997775116935,1.3599369692410543
782,Unesco_unescoWorldNaturalHeritage,2009,0.0,0.0
783,RegionalePaerke_ParkPerimeter,2009,39444.25068610338,0.9554136050890973
784,Paerke_ParkKernzone,2010,0.0,0.0
785,NationalparkGraubuenden_nationalpark,2010,17032.957753420455,0.4125701284587733
786,IANB_amphibLaichgebietUndWanderobjekteUnion,2010,13886.296828010887,0.3363521091924643
787,Auengebiete_Auengebiete,2010,22639.25086446783,0.5483650445553551
788,Flachmoore_flachmoor,2010,19218.080749146207,0.4654978987318931
789,Hochmoore_hochmoor,2010,1523.85533360599,0.036910629371587504
790,Trockenwiesenweiden_trockenwiesenweiden,2010,21397.753182545657,0.5182936461801055
791,WasserZugvoegel_wasserzugvogel,2010,22164.173104878704,0.5368577717059151
792,Jagdbanngebiete_jagdbann,2010,150887.91227549096,3.654787750405497
793,BLN_landschaftnaturdenkmal,2010,780708.7335157138,18.910227286319824
794,Moorlandschaften_moorlandschaft,2010,87404.94562114123,2.117111435658017
795,Smaragd_smaragd,2010,0.0,0.0
796,Ramsar_ramsar,2010,8726.62565223409,0.21137521260104375
797,Biosphaerenreservate_biosphaerenreservat,2010,56144.997775116935,1.3599369692410543
798,Unesco_unescoWorldNaturalHeritage,2010,0.0,0.0
799,RegionalePaerke_ParkPerimeter,2010,54481.616523352204,1.3196467608902072
800,Paerke_ParkKernzone,2011,0.0,0.0
801,NationalparkGraubuenden_nationalpark,2011,17032.957753420455,0.4125701284587733
802,IANB_amphibLaichgebietUndWanderobjekteUnion,2011,13886.296828010887,0.3363521091924643
803,Auengebiete_Auengebiete,2011,22639.25086446783,0.5483650445553551
804,Flachmoore_flachmoor,2011,19218.080749146207,0.4654978987318931
805,Hochmoore_hochmoor,2011,1523.85533360599,0.036910629371587504
806,Trockenwiesenweiden_trockenwiesenweiden,2011,21397.753182545657,0.5182936461801055
807,WasserZugvoegel_wasserzugvogel,2011,22164.173104878704,0.5368577717059151
808,Jagdbanngebiete_jagdbann,2011,150887.91227549096,3.654787750405497
809,BLN_landschaftnaturdenkmal,2011,780708.7335157138,18.910227286319824
810,Moorlandschaften_moorlandschaft,2011,87404.94562114123,2.117111435658017
811,Smaragd_smaragd,2011,0.0,0.0
812,Ramsar_ramsar,2011,14705.138369993565,0.35618598449784583
813,Biosphaerenreservate_biosphaerenreservat,2011,75528.32473041792,1.8294374404848717
814,Unesco_unescoWorldNaturalHeritage,2011,0.0,0.0
815,RegionalePaerke_ParkPerimeter,2011,74347.0499777409,1.8008247542143854
816,Paerke_ParkKernzone,2012,0.0,0.0
817,NationalparkGraubuenden_nationalpark,2012,17032.957753420455,0.4125701284587733
818,IANB_amphibLaichgebietUndWanderobjekteUnion,2012,13886.296828010887,0.3363521091924643
819,Auengebiete_Auengebiete,2012,22639.25086446783,0.5483650445553551
820,Flachmoore_flachmoor,2012,19218.080749146207,0.4654978987318931
821,Hochmoore_hochmoor,2012,1523.85533360599,0.036910629371587504
822,Trockenwiesenweiden_trockenwiesenweiden,2012,21557.529897731085,0.5221637373799464
823,WasserZugvoegel_wasserzugvogel,2012,22164.173104878704,0.5368577717059151
824,Jagdbanngebiete_jagdbann,2012,150887.91227549096,3.654787750405497
825,BLN_landschaftnaturdenkmal,2012,780708.7335157138,18.910227286319824
826,Moorlandschaften_moorlandschaft,2012,87404.94562114123,2.117111435658017
827,Smaragd_smaragd,2012,0.0,0.0
828,Ramsar_ramsar,2012,14705.138369993565,0.35618598449784583
829,Biosphaerenreservate_biosphaerenreservat,2012,75528.32473041792,1.8294374404848717
830,Unesco_unescoWorldNaturalHeritage,2012,0.0,0.0
831,RegionalePaerke_ParkPerimeter,2012,314317.3278996858,7.613354194009587
832,Paerke_ParkKernzone,2013,0.0,0.0
833,NationalparkGraubuenden_nationalpark,2013,17032.957753420455,0.4125701284587733
834,IANB_amphibLaichgebietUndWanderobjekteUnion,2013,13886.296828010887,0.3363521091924643
835,Auengebiete_Auengebiete,2013,22639.25086446783,0.5483650445553551
836,Flachmoore_flachmoor,2013,19218.080749146207,0.4654978987318931
837,Hochmoore_hochmoor,2013,1523.85533360599,0.036910629371587504
838,Trockenwiesenweiden_trockenwiesenweiden,2013,21557.529897731085,0.5221637373799464
839,WasserZugvoegel_wasserzugvogel,2013,22164.173104878704,0.5368577717059151
840,Jagdbanngebiete_jagdbann,2013,150887.91227549096,3.654787750405497
841,BLN_landschaftnaturdenkmal,2013,780708.7335157138,18.910227286319824
842,Moorlandschaften_moorlandschaft,2013,87404.94562114123,2.117111435658017
843,Smaragd_smaragd,2013,0.0,0.0
844,Ramsar_ramsar,2013,14705.138369993565,0.35618598449784583
845,Biosphaerenreservate_biosphaerenreservat,2013,75528.32473041792,1.8294374404848717
846,Unesco_unescoWorldNaturalHeritage,2013,0.0,0.0
847,RegionalePaerke_ParkPerimeter,2013,461615.8452207137,11.181200078011717
848,Paerke_ParkKernzone,2014,0.0,0.0
849,NationalparkGraubuenden_nationalpark,2014,17032.957753420455,0.4125701284587733
850,IANB_amphibLaichgebietUndWanderobjekteUnion,2014,13886.296828010887,0.3363521091924643
851,Auengebiete_Auengebiete,2014,22639.25086446783,0.5483650445553551
852,Flachmoore_flachmoor,2014,19218.080749146207,0.4654978987318931
853,Hochmoore_hochmoor,2014,1523.85533360599,0.036910629371587504
854,Trockenwiesenweiden_trockenwiesenweiden,2014,21557.529897731085,0.5221637373799464
855,WasserZugvoegel_wasserzugvogel,2014,22164.173104878704,0.5368577717059151
856,Jagdbanngebiete_jagdbann,2014,150890.0556661168,3.6548396673396337
857,BLN_landschaftnaturdenkmal,2014,780708.7335157138,18.910227286319824
858,Moorlandschaften_moorlandschaft,2014,87404.94562114123,2.117111435658017
859,Smaragd_smaragd,2014,0.0,0.0
860,Ramsar_ramsar,2014,14705.138369993565,0.35618598449784583
861,Biosphaerenreservate_biosphaerenreservat,2014,75528.32473041792,1.8294374404848717
862,Unesco_unescoWorldNaturalHeritage,2014,0.0,0.0
863,RegionalePaerke_ParkPerimeter,2014,461615.8452207137,11.181200078011717
864,Paerke_ParkKernzone,2015,0.0,0.0
865,NationalparkGraubuenden_nationalpark,2015,17032.957753420455,0.4125701284587733
866,IANB_amphibLaichgebietUndWanderobjekteUnion,2015,13886.296828010887,0.3363521091924643
867,Auengebiete_Auengebiete,2015,22639.25086446783,0.5483650445553551
868,Flachmoore_flachmoor,2015,19218.080749146207,0.4654978987318931
869,Hochmoore_hochmoor,2015,1523.85533360599,0.036910629371587504
870,Trockenwiesenweiden_trockenwiesenweiden,2015,21557.529897731085,0.5221637373799464
871,WasserZugvoegel_wasserzugvogel,2015,22769.99779567708,0.5515319800333555
872,Jagdbanngebiete_jagdbann,2015,150890.0556661168,3.6548396673396337
873,BLN_landschaftnaturdenkmal,2015,780708.7335157138,18.910227286319824
874,Moorlandschaften_moorlandschaft,2015,87425.9706794883,2.117620701937466
875,Smaragd_smaragd,2015,0.0,0.0
876,Ramsar_ramsar,2015,14705.138369993565,0.35618598449784583
877,Biosphaerenreservate_biosphaerenreservat,2015,75528.32473041792,1.8294374404848717
878,Unesco_unescoWorldNaturalHeritage,2015,0.0,0.0
879,RegionalePaerke_ParkPerimeter,2015,465606.4953078598,11.27786109501901
880,Paerke_ParkKernzone,2016,441.7803877244779,0.010700748158519508
881,NationalparkGraubuenden_nationalpark,2016,17032.957753420455,0.4125701284587733
882,IANB_amphibLaichgebietUndWanderobjekteUnion,2016,13886.296828010887,0.3363521091924643
883,Auengebiete_Auengebiete,2016,22639.25086446783,0.5483650445553551
884,Flachmoore_flachmoor,2016,19218.080749146207,0.4654978987318931
885,Hochmoore_hochmoor,2016,1523.85533360599,0.036910629371587504
886,Trockenwiesenweiden_trockenwiesenweiden,2016,21557.529897731085,0.5221637373799464
887,WasserZugvoegel_wasserzugvogel,2016,22769.99779567708,0.5515319800333555
888,Jagdbanngebiete_jagdbann,2016,150890.0556661168,3.6548396673396337
889,BLN_landschaftnaturdenkmal,2016,780708.7335157138,18.910227286319824
890,Moorlandschaften_moorlandschaft,2016,87425.9706794883,2.117620701937466
891,Smaragd_smaragd,2016,0.0,0.0
892,Ramsar_ramsar,2016,14705.138369993565,0.35618598449784583
893,Biosphaerenreservate_biosphaerenreservat,2016,75528.32473041792,1.8294374404848717
894,Unesco_unescoWorldNaturalHeritage,2016,0.0,0.0
895,RegionalePaerke_ParkPerimeter,2016,465606.4953091384,11.27786109504998
896,Paerke_ParkKernzone,2017,441.7803877244779,0.010700748158519508
897,NationalparkGraubuenden_nationalpark,2017,17032.957753420455,0.4125701284587733
898,IANB_amphibLaichgebietUndWanderobjekteUnion,2017,21682.33099544598,0.5251866536380279
899,Auengebiete_Auengebiete,2017,27847.70745109003,0.6745236151408509
900,Flachmoore_flachmoor,2017,21419.72006600676,0.5188257252272438
901,Hochmoore_hochmoor,2017,1567.6281541054059,0.03797088904215589
902,Trockenwiesenweiden_trockenwiesenweiden,2017,25294.984998717522,0.6126918977526347
903,WasserZugvoegel_wasserzugvogel,2017,22769.99779567708,0.5515319800333555
904,Jagdbanngebiete_jagdbann,2017,150890.0556661168,3.6548396673396337
905,BLN_landschaftnaturdenkmal,2017,783751.5227378609,18.983929338448853
906,Moorlandschaften_moorlandschaft,2017,87499.17216575117,2.1193937789936093
907,Smaragd_smaragd,2017,0.0,0.0
908,Ramsar_ramsar,2017,14705.138369993565,0.35618598449784583
909,Biosphaerenreservate_biosphaerenreservat,2017,84334.06428632174,2.0427289399617714
910,Unesco_unescoWorldNaturalHeritage,2017,0.0,0.0
911,RegionalePaerke_ParkPerimeter,2017,465606.4953091384,11.27786109504998
912,Paerke_ParkKernzone,2018,441.7803877244779,0.010700748158519508
913,NationalparkGraubuenden_nationalpark,2018,17032.957753420455,0.4125701284587733
914,IANB_amphibLaichgebietUndWanderobjekteUnion,2018,21682.33099544598,0.5251866536380279
915,Auengebiete_Auengebiete,2018,27847.70745109003,0.6745236151408509
916,Flachmoore_flachmoor,2018,21419.72006600676,0.5188257252272438
917,Hochmoore_hochmoor,2018,1567.6281541054059,0.03797088904215589
918,Trockenwiesenweiden_trockenwiesenweiden,2018,25294.984998717522,0.6126918977526347
919,WasserZugvoegel_wasserzugvogel,2018,22769.99779567708,0.5515319800333555
920,Jagdbanngebiete_jagdbann,2018,150890.0556661168,3.6548396673396337
921,BLN_landschaftnaturdenkmal,2018,783751.5227378609,18.983929338448853
922,Moorlandschaften_moorlandschaft,2018,87499.17216575117,2.1193937789936093
923,Smaragd_smaragd,2018,0.0,0.0
924,Ramsar_ramsar,2018,14705.138369993565,0.35618598449784583
925,Biosphaerenreservate_biosphaerenreservat,2018,84334.06428632174,2.0427289399617714
926,Unesco_unescoWorldNaturalHeritage,2018,0.0,0.0
927,RegionalePaerke_ParkPerimeter,2018,486509.9361095228,11.78418156980799
928,Paerke_ParkKernzone,2019,441.7803877244779,0.010700748158519508
929,NationalparkGraubuenden_nationalpark,2019,17032.957753420455,0.4125701284587733
930,IANB_amphibLaichgebietUndWanderobjekteUnion,2019,21682.33099544598,0.5251866536380279
931,Auengebiete_Auengebiete,2019,27847.70745109003,0.6745236151408509
932,Flachmoore_flachmoor,2019,21419.72006600676,0.5188257252272438
933,Hochmoore_hochmoor,2019,1567.6281541054059,0.03797088904215589
934,Trockenwiesenweiden_trockenwiesenweiden,2019,25294.984998717522,0.6126918977526347
935,WasserZugvoegel_wasserzugvogel,2019,22769.99779567708,0.5515319800333555
936,Jagdbanngebiete_jagdbann,2019,150890.0556661168,3.6548396673396337
937,BLN_landschaftnaturdenkmal,2019,783751.5227378609,18.983929338448853
938,Moorlandschaften_moorlandschaft,2019,87499.17216575117,2.1193937789936093
939,Smaragd_smaragd,2019,0.0,0.0
940,Ramsar_ramsar,2019,14705.138369993565,0.35618598449784583
941,Biosphaerenreservate_biosphaerenreservat,2019,84334.06428632174,2.0427289399617714
942,Unesco_unescoWorldNaturalHeritage,2019,0.0,0.0
943,RegionalePaerke_ParkPerimeter,2019,486509.9361095228,11.78418156980799
944,Paerke_ParkKernzone,2020,441.7803877244779,0.010700748158519508
945,NationalparkGraubuenden_nationalpark,2020,17032.957753420455,0.4125701284587733
946,IANB_amphibLaichgebietUndWanderobjekteUnion,2020,21682.33099544598,0.5251866536380279
947,Auengebiete_Auengebiete,2020,27847.70745109003,0.6745236151408509
948,Flachmoore_flachmoor,2020,21419.72006600676,0.5188257252272438
949,Hochmoore_hochmoor,2020,1567.6281541054059,0.03797088904215589
950,Trockenwiesenweiden_trockenwiesenweiden,2020,25294.984998717522,0.6126918977526347
951,WasserZugvoegel_wasserzugvogel,2020,22769.99779567708,0.5515319800333555
952,Jagdbanngebiete_jagdbann,2020,150890.0556661168,3.6548396673396337
953,BLN_landschaftnaturdenkmal,2020,783751.5227378609,18.983929338448853
954,Moorlandschaften_moorlandschaft,2020,87499.17216575117,2.1193937789936093
955,Smaragd_smaragd,2020,0.0,0.0
956,Ramsar_ramsar,2020,14705.138369993565,0.35618598449784583
957,Biosphaerenreservate_biosphaerenreservat,2020,84334.06428632174,2.0427289399617714
958,Unesco_unescoWorldNaturalHeritage,2020,0.0,0.0
959,RegionalePaerke_ParkPerimeter,2020,497213.6905251909,12.043446542937893
960,Paerke_ParkKernzone,2021,885.7761220028784,0.021455156158480766
961,NationalparkGraubuenden_nationalpark,2021,17032.957753420455,0.4125701284587733
962,IANB_amphibLaichgebietUndWanderobjekteUnion,2021,21682.33099544598,0.5251866536380279
963,Auengebiete_Auengebiete,2021,27847.70745109003,0.6745236151408509
964,Flachmoore_flachmoor,2021,22501.543659553685,0.5450295182161484
965,Hochmoore_hochmoor,2021,1567.6281541054059,0.03797088904215589
966,Trockenwiesenweiden_trockenwiesenweiden,2021,28281.181573239053,0.6850231699948904
967,WasserZugvoegel_wasserzugvogel,2021,22769.99779567708,0.5515319800333555
968,Jagdbanngebiete_jagdbann,2021,150890.0556661168,3.6548396673396337
969,BLN_landschaftnaturdenkmal,2021,783751.5227378609,18.983929338448853
970,Moorlandschaften_moorlandschaft,2021,87499.17216575117,2.1193937789936093
971,Smaragd_smaragd,2021,0.0,0.0
972,Ramsar_ramsar,2021,14705.138369993565,0.35618598449784583
973,Biosphaerenreservate_biosphaerenreservat,2021,84334.06428632174,2.0427289399617714
974,Unesco_unescoWorldNaturalHeritage,2021,0.0,0.0
975,RegionalePaerke_ParkPerimeter,2021,498151.3700335948,12.066158896296349
